objid,ra,dec,u,g,r,i,z
1237665442056700148,205.47068113,28.4117697,16.767365,15.684687,15.58111,15.545054,15.531213
1237665442056700147,205.4731393,28.42378942,16.709816,15.539003,15.563225,15.596179,15.651636
1237665442056700160,205.46220212,28.40916143,17.342644,16.177958,15.91258,15.774396,15.771406
1237665442056700175,205.46707324,28.41801361,19.000013,17.7591,17.22509,16.96884,16.89855
1237665442056831114,205.64191135,28.38484034,18.113062,16.968414,16.393087,16.085644,15.992883
1237665442056831118,205.64053236,28.38726251,18.436495,17.177248,16.624699,16.340521,16.263788
1237665442056700165,205.46680057,28.42541009,18.249636,16.920235,16.323,16.058556,15.932194
1237665442056700167,205.46364111,28.41551139,18.331228,17.701242,18.681393,16.39995,16.534109
1237665442056700169,205.47769753,28.44383073,18.61385,17.345667,16.811842,16.562208,16.468014
1237665442056700176,205.47238358,28.42983157,19.137312,17.930752,17.361958,17.077461,17.013498
1237665442056700178,205.46810223,28.42965006,19.25511,18.026516,17.487356,17.230827,17.152405
1237665442056700183,205.4680365,28.43779682,19.32682,18.098923,17.603466,17.355923,17.298117
1237665442056700186,205.45375699,28.4187246,19.525562,18.227749,17.754681,17.504175,17.444798
1237665442056700139,205.47423462,28.44391493,16.813108,14.941334,14.15511,16.278097,13.627508
1237665442056700161,205.44265358,28.41388986,18.107954,16.746874,16.181898,15.921106,15.80654
1237665442056700172,205.47863626,28.44971957,18.89053,17.621597,17.138783,16.879711,16.791321
1237665442056700174,205.45359991,28.42557644,18.888365,17.619644,17.099806,16.835014,16.777487
1237665442056700180,205.47817046,28.44752296,19.265167,18.079607,17.591656,17.365862,17.272083
1237665442056700185,205.46686461,28.43800514,19.445644,18.247208,17.73028,17.436224,17.361885
1237665442056700189,205.47841772,28.45117055,19.529501,18.248755,17.768572,17.538645,17.472054
1237665442056700191,205.45839195,28.4413333,19.500004,18.335827,17.82662,17.563932,17.511013
1237665442056831097,205.66183673,28.39184016,16.589123,14.931766,14.280911,15.892015,13.71946
1237665442056831106,205.65742592,28.3837584,16.795853,15.664033,15.58593,15.521977,15.539068
1237665442056831107,205.66130911,28.37989449,16.928717,15.809851,15.590375,15.440799,15.443315
1237665442056831109,205.6552579,28.38887056,17.075443,15.920485,15.639774,15.455133,15.428444
1237665442056831112,205.64799984,28.41072277,17.838192,16.489239,15.936141,15.661915,15.544482
1237665442056831117,205.65487723,28.38231285,18.488802,17.195211,16.563446,16.241396,16.171009
1237665442056831135,205.65780087,28.38079332,19.802351,18.757904,18.229479,17.98278,17.96397
1237665428630667478,205.4196854,28.4057008,19.733833,18.689093,18.307793,18.149454,18.178667
1237665428630667480,205.42026283,28.39926828,19.559296,18.591637,18.24061,18.137924,18.157417
1237665428630667507,205.41762605,28.36947293,20.055708,19.110928,18.783176,18.696671,18.731398
1237665428630667529,205.42193757,28.39799183,20.315586,19.393925,19.087246,18.92185,19.216431
1237665428630667537,205.42009729,28.39529627,20.367443,19.422556,19.129658,18.97949,19.179197
1237665442056700137,205.44068658,28.41657755,16.54874,14.913006,14.420751,14.743381,12.431452
1237665442056700140,205.43441001,28.43465986,16.521383,14.749277,14.704432,14.619163,13.360495
1237665442056700142,205.4360199,28.43904954,17.174749,15.629318,14.977442,14.672401,14.531728
1237665442056700144,205.47823151,28.46443956,16.293709,15.10978,15.24637,15.302255,15.355875
1237665442056700145,205.44595468,28.42943718,17.53908,16.0228,15.393749,15.094948,14.980773
1237665442056700162,205.4829598,28.46824445,17.400412,16.240038,16.036917,15.93917,15.940845
1237665442056700171,205.45096217,28.43235526,18.901051,17.600283,17.100019,16.847168,16.771305
1237665442056700184,205.4300295,28.42426632,19.376207,18.132282,17.651442,17.466429,17.357231
1237665442056700192,205.44098856,28.42168734,19.502506,18.286621,17.765377,17.550552,17.49902
1237665442056700200,205.47851878,28.45940683,19.733332,18.517105,18.041042,17.829638,17.807007
1237665442056700201,205.43798886,28.42687974,19.676699,18.544542,18.111221,17.843111,17.870872
1237665442056700203,205.45049653,28.4561864,19.653854,18.660456,18.176962,17.9245,17.880405
1237665442056700206,205.4581931,28.4422391,19.803335,18.656744,18.25391,18.024815,18.006372
1237665442056700207,205.44919967,28.44520038,19.551817,18.681229,18.278032,18.073277,18.108612
1237665442056831111,205.65597012,28.43272828,17.825874,16.36274,15.806955,15.505691,15.398833
1237665442056831113,205.66849707,28.39173411,18.207926,16.823681,16.306293,16.034985,15.940451
1237665442056831116,205.67741915,28.38292182,19.06995,17.309515,16.504351,16.124233,15.961452
1237665442056831123,205.64928344,28.42998459,19.022293,17.686949,17.200533,16.934244,16.868988
1237665442056831125,205.67330843,28.3942544,19.208401,17.987436,17.471344,17.217813,17.151693
1237665442056831128,205.66442782,28.41052541,25.433636,20.259037,18.814932,17.625093,17.047318
1237665442056831134,205.6714206,28.41114861,19.777067,18.594786,18.155216,17.916941,17.88419
1237665442056831139,205.66533811,28.40528521,19.805479,18.665075,18.17771,17.977253,18.034174
1237665442056831146,205.65162857,28.43494572,21.37079,25.118036,24.801756,24.360699,17.978876
1237665428630667455,205.40270706,28.38261343,16.303406,15.104419,14.54498,14.378231,14.309305
1237665428630667461,205.40832295,28.40928399,17.33522,16.212208,15.907428,15.805606,15.770288
1237665428630667464,205.40859778,28.37137215,18.199547,16.76424,16.167686,15.989028,15.918011
1237665428630667467,205.41105303,28.40156872,18.423151,17.191967,16.608173,16.384544,16.284813
1237665428630667470,205.40315173,28.38259241,20.510914,25.114376,24.802025,18.882597,22.826895
1237665428630667471,205.40862557,28.40185914,19.451059,18.262487,17.768515,17.559252,17.512016
1237665428630667479,205.40488634,28.36487796,19.780687,18.730125,18.419151,18.279007,18.224104
1237665428630667489,205.40487818,28.35952753,19.944681,18.954554,18.728476,18.587999,18.577545
1237665428630667491,205.4141667,28.36273271,19.849417,18.914862,18.603531,18.498245,18.52087
1237665428630667492,205.41193636,28.36440634,21.556337,19.93574,18.966545,18.482769,18.246418
1237665428630667494,205.41282845,28.37569526,20.037361,19.036825,18.763485,18.639069,18.716965
1237665428630667500,205.41010505,28.38216465,19.952318,19.042891,18.721443,18.609085,18.671825
1237665428630667503,205.40369568,28.36444531,19.968021,19.020559,18.812553,18.692255,18.711334
1237665428630667514,205.41426551,28.37769668,20.106672,19.135115,18.855007,18.735304,18.763464
1237665428630667518,205.41527092,28.39792598,20.201471,19.263046,18.948164,18.812996,18.965748
1237665428630667521,205.41069014,28.41071224,20.398542,19.377436,19.02656,18.872818,18.892101
1237665428630667526,205.41357187,28.40036272,20.228476,19.294888,18.993458,18.869503,19.012356
1237665428630667533,205.40857652,28.3884641,20.376007,19.395109,19.110176,18.989962,18.990025
1237665428630667538,205.41338778,28.39632331,20.409325,19.418953,19.123013,18.969776,19.091185
1237665428630667735,205.41104265,28.35238827,17.649147,16.248373,15.609287,15.352235,15.221603
1237665428630667739,205.41284269,28.3524003,19.839468,18.914591,18.597706,18.501101,18.471046
1237665428630667740,205.41022446,28.3363502,20.413998,19.453041,19.086348,18.958384,18.925552
1237665428630667744,205.41245168,28.34829901,21.415682,20.458448,24.80196,20.249895,21.009687
1237665428630667747,205.41190105,28.34841532,24.63501,20.58728,20.139753,19.73246,22.827047
1237665428630667748,205.41306247,28.35064343,21.53286,20.641344,20.969688,20.73657,20.315992
1237665428630667752,205.41038936,28.33895976,21.172047,20.356159,20.029119,19.917084,19.877367
1237665428630667754,205.40830634,28.35454973,21.5998,20.444218,20.234762,20.032578,19.881107
1237665428630667756,205.41164094,28.33752072,21.658035,20.533791,20.20295,20.023991,20.066729
1237665428630667761,205.41032346,28.34907746,21.763693,25.107639,24.802467,20.472702,22.828489
1237665428630667762,205.41255088,28.35463308,22.21483,21.398392,21.110479,20.973328,21.277012
1237665428630667765,205.41146082,28.35035288,22.641222,22.218002,21.480438,24.361799,21.052542
1237665428630667778,205.40908833,28.35441331,23.960472,23.029993,21.651922,21.221766,22.550756
1237665428630667779,205.4125339,28.34043753,23.441177,22.22728,21.583466,21.39292,22.068165
1237665428630667780,205.41234964,28.33959108,23.688677,22.665215,21.649174,21.308613,21.923149
1237665428630667782,205.41270906,28.34755733,24.664614,22.666395,21.818167,21.77453,21.896559
1237665428630667789,205.41234562,28.34531937,24.342396,24.675419,22.852699,23.063305,21.784723
1237665428630668605,205.40901141,28.34534454,20.686832,19.718903,19.448074,19.364494,19.310404
1237665428630668607,205.40721442,28.3449342,21.211246,20.296837,19.991714,19.852663,19.978479
1237665428630668612,205.41034232,28.34545755,24.063496,22.27471,21.716772,21.448946,21.575224
1237665428630669906,205.40715772,28.35716798,22.515757,21.430391,21.324095,20.897575,20.884224
1237665428630669924,205.41053257,28.35799185,24.865545,22.972507,22.708195,21.996756,21.692947
1237665442056700138,205.44154435,28.45479726,14.796639,14.135728,13.240328,13.101414,9.362783
1237665442056700156,205.43786382,28.44408787,16.893511,15.682178,15.761728,15.818037,15.896795
1237665442056700166,205.4419499,28.45964335,18.342194,17.003559,16.418961,16.107433,16.045635
1237665442056700177,205.47014665,28.47360141,19.111078,17.824219,17.348097,17.118048,17.000854
1237665442056700194,205.43104759,28.44995023,23.865816,20.971891,19.102182,17.593386,16.814753
1237665442056700210,205.48010055,28.48004803,19.730764,18.662699,18.298355,18.114861,18.076015
1237665442056831102,205.68852678,28.37813999,16.095819,14.976941,15.154576,15.249063,15.338433
1237665442056831104,205.68405455,28.38580536,17.604115,16.101852,15.483697,15.146633,15.034157
1237665442056831108,205.68630417,28.39603202,16.816742,15.669227,15.53653,15.42621,15.44944
1237665442056831121,205.65563965,28.45793339,18.676622,17.351995,16.862675,16.600552,16.516823
1237665442056831127,205.68175267,28.38366223,19.287645,18.082792,17.591263,17.352005,17.301991
1237665442056831131,205.68825136,28.37703304,19.607738,18.468142,17.945389,17.747696,17.710711
1237665442056831138,205.6770773,28.40838463,19.326412,18.311193,18.216442,18.27644,18.329086
1237665442056831559,205.66396826,28.45067964,21.176577,20.076756,19.80348,19.657162,19.60124
1237665442056831560,205.66265952,28.45117396,22.057293,20.786848,20.364092,20.164291,20.455667
1237665442056832834,205.66354994,28.45404975,22.395073,21.640898,21.061991,20.845198,20.578878
1237665442056832841,205.66870539,28.45057253,23.715469,22.461895,21.876047,21.606588,21.65708
1237665428630667452,205.40124757,28.35674291,16.916838,14.852902,14.833302,14.867473,13.300041
1237665428630667466,205.40412511,28.417428,18.141273,16.809069,16.206181,15.967725,15.857124
1237665428630667468,205.39834518,28.41645402,18.511084,17.19813,16.639271,16.40082,16.297869
1237665428630667474,205.4002279,28.38699512,19.736509,18.651497,18.202309,18.004023,17.984043
1237665428630667493,205.39939806,28.40518575,19.545996,25.114407,24.802061,24.361835,19.372015
1237665428630667496,205.39802487,28.38986931,20.086803,19.057583,18.772337,18.647417,18.748007
1237665428630667505,205.40041922,28.40578902,20.148098,19.143194,18.849586,18.71751,18.83021
1237665428630667509,205.39712804,28.36382019,19.943949,18.930634,18.708576,18.611643,18.600601
1237665428630667510,205.40133913,28.40680184,20.070927,19.132483,18.833708,18.700766,18.81296
1237665428630667511,205.39282384,28.3631372,20.044802,19.116499,18.838221,18.77984,18.820728
1237665428630667513,205.3961517,28.35388903,20.208763,19.22599,18.999838,18.842829,18.856501
1237665428630667515,205.39199768,28.38768126,20.266659,19.288549,19.021463,18.874681,18.856752
1237665428630667528,205.39397877,28.4001874,23.448278,21.907087,20.345282,19.014637,18.430082
1237665428630667535,205.39090693,28.36940114,20.436014,19.453825,19.133329,19.025143,19.080519
1237665428630667539,205.39406818,28.37178667,20.363523,19.375402,19.08474,18.985758,19.048283
1237665428630667642,205.39917671,28.33466245,20.623688,19.647236,19.273943,19.174978,19.174059
1237665428630667644,205.40007,28.33882275,21.205484,20.169474,19.842607,19.727167,19.783121
1237665428630667645,205.39935172,28.33853773,21.654545,20.589636,20.204273,20.049936,20.317335
1237665428630667648,205.4019378,28.3382779,21.437023,20.553207,20.152161,19.985424,20.089489
1237665428630667649,205.40457448,28.33909215,21.659876,20.745165,20.400404,20.322495,20.457674
1237665428630667651,205.40219894,28.33466501,22.56391,20.928659,20.493601,20.26416,20.25712
1237665428630667653,205.4060266,28.33865172,22.042038,21.112064,20.665134,20.624027,20.46806
1237665428630667654,205.40494879,28.33869341,23.745022,22.836245,22.757488,21.082655,21.19754
1237665428630667661,205.40134658,28.3370545,23.880428,22.491728,21.722412,21.939974,21.257055
1237665428630667665,205.40185982,28.33642875,24.912806,23.309597,22.378935,21.97204,21.832863
1237665428630667666,205.39745206,28.33943684,23.991705,24.72031,22.505077,21.762356,20.934326
1237665428630667667,205.40101626,28.3398192,23.929325,24.185003,23.020451,22.058905,21.627216
1237665428630667672,205.40049514,28.33785182,24.252445,24.391768,22.674959,22.369627,23.197844
1237665428630667675,205.39985394,28.33159094,24.97867,25.020544,24.710163,23.037085,23.225578
1237665428630667737,205.40702644,28.33195587,19.715109,18.80084,18.463984,18.377756,18.339811
1237665428630667742,205.40361013,28.33214385,20.889734,19.799725,19.46653,19.389465,19.313021
1237665428630667746,205.40620728,28.33149868,21.316521,20.233887,19.843868,19.755926,19.786549
1237665428630667750,205.40985119,28.33439338,21.216396,20.252285,19.91408,19.834339,19.824293
1237665428630667757,205.40936159,28.33711692,21.8389,20.71467,20.34664,20.157436,20.225554
1237665428630667759,205.40456759,28.33359543,21.873922,20.795977,20.3874,20.29561,20.395283
1237665428630667766,205.40594441,28.33545534,23.538383,22.598869,22.097509,20.981091,20.561377
1237665428630667767,205.40719084,28.33311505,22.202616,21.228338,20.716007,20.843494,20.722858
1237665428630667770,205.40929888,28.33292698,22.937023,21.610443,20.993984,20.847563,21.091881
1237665428630667772,205.40644414,28.33651053,22.855618,21.762186,21.144855,20.896992,21.689034
1237665428630667776,205.40724058,28.33436861,24.20422,24.173752,23.698729,21.274771,22.95122
1237665428630667790,205.40877564,28.33490883,24.59469,23.857529,22.857592,22.665218,21.924492
1237665428630667816,205.40718729,28.31704562,22.576895,21.206203,20.730005,20.435711,21.227051
1237665428630667817,205.40487599,28.32306763,21.872105,20.583914,20.196714,20.052208,20.18486
1237665428630667818,205.40542433,28.32206432,21.869122,20.734756,20.249792,20.065479,20.142679
1237665428630667820,205.40560308,28.32636158,22.085764,20.773785,20.455441,20.388504,20.569378
1237665428630667822,205.40794777,28.32887206,21.749464,20.933765,20.545233,20.46384,20.480644
1237665428630667825,205.40619582,28.32237025,24.374714,21.708597,21.209316,21.050642,21.083321
1237665428630667834,205.40401027,28.32400537,25.254433,22.877481,22.14501,21.513481,22.414572
1237665428630667835,205.40865091,28.32456896,23.392262,23.109396,22.10203,21.678249,21.321095
1237665428630667843,205.40688165,28.32804295,25.197393,24.535913,23.617533,22.21524,23.459372
1237665428630667844,205.40664312,28.31905108,24.56027,23.89974,23.012236,22.040054,21.479961
1237665428630668606,205.40349512,28.34335831,20.797119,19.803612,19.451868,19.408777,19.533825
1237665428630668608,205.40470812,28.3451725,22.052588,20.994209,20.643656,20.51078,20.347023
1237665428630668610,205.40543756,28.34300866,24.345028,21.762682,21.207869,21.074818,21.257957
1237665428630668613,205.40701991,28.34360923,24.602352,23.455576,22.336309,22.091515,21.859917
1237665428630668717,205.41015747,28.3301858,22.579149,21.6024,21.084042,20.885073,20.894125
1237665428630668723,205.40908431,28.32649304,24.931646,22.819479,21.916059,21.645683,21.935871
1237665428630669156,205.39589761,28.34708211,21.745173,20.798948,20.459358,20.3134,20.00491
1237665428630669158,205.39559854,28.34529522,24.474586,21.760136,21.229197,21.035059,21.123863
1237665428630669159,205.39485263,28.34582666,23.132563,21.921942,21.432907,21.10729,21.862041
1237665428630669160,205.39561473,28.34760137,23.645941,22.007902,21.383781,21.107988,22.046913
1237665428630669865,205.39279249,28.35479099,23.646315,22.008406,21.976007,21.322725,21.039503
1237665428630669882,205.39689105,28.34304181,23.212246,21.562658,21.081667,20.853228,20.742321
1237665428630669883,205.40136464,28.36148356,24.588472,22.915424,23.594757,22.160614,21.962351
1237665428630669922,205.4042232,28.32893552,22.593449,22.327286,21.708675,21.460482,21.961264
1237665442056700151,205.48904326,28.49894472,17.027212,15.850507,15.626296,15.516498,15.487298
1237665442056700154,205.43477432,28.46327404,16.923117,15.711497,15.866092,15.974232,16.049723
1237665442056700182,205.47377083,28.49302736,19.289282,18.025452,17.550867,17.383255,17.259275
1237665442056700188,205.4138837,28.43183563,19.162508,18.047865,17.658417,17.466614,17.407965
1237665442056700202,205.41272661,28.44623724,19.864946,18.652082,18.239792,18.052261,17.981298
1237665442056700208,205.46913316,28.49670574,19.665487,18.547211,18.170252,17.988136,17.930321
1237665442056700212,205.48828714,28.49472433,19.759777,18.625219,18.301435,18.144791,18.116688
1237665442056701019,205.48022668,28.49873459,20.387472,19.425915,19.2029,19.105371,19.155819
1237665442056701020,205.48005202,28.4979719,25.39488,22.933985,21.547419,20.819536,20.424372
1237665442056701450,205.4798167,28.50125925,21.515497,20.238249,19.970406,19.868944,19.819265
1237665442056702096,205.45538514,28.4865894,24.424057,22.597458,21.799229,21.542385,21.436577
1237665442056702097,205.45525448,28.4871285,23.511454,23.133759,22.318602,21.718338,23.208706
1237665442056702099,205.452249,28.48566767,25.202908,24.611904,23.038721,22.270845,22.228449
1237665442056702117,205.45831408,28.49113865,23.136106,22.613903,21.09808,19.176565,18.148594
1237665442056702157,205.46890212,28.49122958,25.438921,25.120716,22.41461,21.850273,21.587267
1237665442056831101,205.68951005,28.41257558,17.138227,15.44662,14.834796,14.454279,14.319245
1237665442056831120,205.69020536,28.43364209,18.464905,17.126959,16.622408,16.356977,16.266949
1237665442056831124,205.69895264,28.39032207,19.014332,17.795856,17.292139,17.048094,16.977757
1237665442056831129,205.69812809,28.38164674,19.522139,18.340305,17.872578,17.648445,17.562592
1237665442056831136,205.68809793,28.43078962,22.177015,20.210278,18.961184,17.905787,17.330866
1237665442056831147,205.6617288,28.46085952,28.052454,21.786802,29.508427,18.117916,27.065948
1237665442056831148,205.66343606,28.46609407,16.921686,14.550271,14.601591,14.73665,12.757514
1237665442056831156,205.65816946,28.47421218,21.227312,20.225248,19.966345,19.762163,19.91831
1237665442056831309,205.70172879,28.39374469,21.133204,20.289686,19.890497,20.221264,19.773462
1237665442056831318,205.70360554,28.3959038,25.038095,21.953457,24.802343,24.363356,22.472157
1237665442056831324,205.70363277,28.39355172,23.883224,22.266998,23.705618,21.424721,21.67997
1237665442056831329,205.70209354,28.39835426,25.216064,23.274702,22.15061,22.332571,22.074982
1237665442056831331,205.70105531,28.39890617,25.438412,24.220407,22.604347,22.086277,22.390131
1237665442056831334,205.70280408,28.39325191,25.805046,25.105967,22.694565,23.924324,23.223402
1237665442056831564,205.67084337,28.46266797,20.574503,19.623285,19.376064,19.210407,19.210394
1237665442056831565,205.66920506,28.46218464,20.892258,19.931412,19.702454,19.471933,19.553562
1237665442056831730,205.69465629,28.42559991,19.555845,18.394484,17.913673,17.693859,17.598047
1237665442056831732,205.69267783,28.42619987,26.298092,22.663134,21.649471,21.660807,22.094288
1237665442056831733,205.69543742,28.42681355,23.651762,22.865738,21.822613,21.739542,21.763058
1237665442056831815,205.69613291,28.37317154,23.916636,21.954975,21.509897,21.206837,21.777702
1237665442056831817,205.69813895,28.37333913,25.24741,24.372976,23.965618,22.009501,22.270245
1237665442056831846,205.70518017,28.38637263,20.957018,20.0674,19.780081,19.708773,19.68479
1237665442056832544,205.70038077,28.39681744,21.972902,21.009609,20.511267,20.579348,20.490295
1237665442056832810,205.65847703,28.4718747,22.19426,21.328499,21.092003,20.796082,21.213976
1237665442056832900,205.68497642,28.44535604,22.837521,21.897829,21.392981,21.381945,22.645845
1237665442056832991,205.7006276,28.41253112,25.20059,22.38879,21.699795,21.386185,21.080618
1237665442056832994,205.69879457,28.40153188,25.113573,22.09042,21.525469,21.713261,21.571795
1237665442056832995,205.69758198,28.4005753,26.024809,22.913883,22.047092,22.427086,21.414328
1237665442056833020,205.7014965,28.38788805,22.31225,20.963932,20.544336,20.350754,20.220018
1237665442056833022,205.70173984,28.38606007,25.280569,22.7862,22.154358,22.03808,21.651222
1237665428630667456,205.38832953,28.38577994,17.063351,15.585089,14.875354,14.559573,14.453674
1237665428630667469,205.38637022,28.35954168,19.209198,17.600813,16.983793,16.800621,16.717304
1237665428630667541,205.38250109,28.38728057,20.41621,19.464567,19.196114,19.056107,19.087584
1237665428630667542,205.38850996,28.40905075,20.435432,19.528313,19.230465,19.125954,19.236982
1237665428630667638,205.3969955,28.33050238,17.102444,15.876717,15.368569,15.163718,15.083101
1237665428630667639,205.39250474,28.33416824,18.180338,17.011385,16.486612,16.261015,16.175838
1237665428630667640,205.39621336,28.33640991,19.68141,18.67202,18.233522,18.041714,18.032969
1237665428630667641,205.39194377,28.33789135,20.260508,19.291414,19.019163,18.899403,18.968458
1237665428630667647,205.39246054,28.33617467,21.192122,20.304989,19.967936,19.791477,19.752014
1237665428630667650,205.39361421,28.34106028,21.793093,20.881088,20.478868,20.344141,20.608595
1237665428630667652,205.39463915,28.33041295,22.962788,23.730614,22.863611,20.402569,21.594265
1237665428630667655,205.38898302,28.33571398,22.119921,21.207047,20.691319,20.515699,20.493458
1237665428630667656,205.38994618,28.33323927,24.572653,21.950212,22.598978,22.413742,21.938225
1237665428630667657,205.39466069,28.33992545,24.513561,22.589043,21.846443,21.424183,21.774092
1237665428630667658,205.39760513,28.33413572,24.845657,22.797108,22.050932,21.507097,21.76222
1237665428630667659,205.39789222,28.33237602,24.176846,23.33301,22.450626,21.690952,21.57037
1237665428630667662,205.3883967,28.33668708,24.540148,24.379084,22.621618,21.461924,21.587847
1237665428630667663,205.39533441,28.34035752,24.96854,23.165186,22.209921,21.871883,21.608507
1237665428630667664,205.39672918,28.33786611,24.429956,23.075739,22.085028,21.844891,22.546251
1237665428630667668,205.38963876,28.33681665,24.060041,24.520332,23.511858,22.180939,22.407648
1237665428630667669,205.39621217,28.33996827,25.1789,23.944963,22.637781,22.319464,22.232187
1237665428630667670,205.39875852,28.32842524,24.655689,23.884127,22.849251,22.388781,22.282003
1237665428630667671,205.39424786,28.33622834,23.861485,23.931868,22.432764,22.293522,23.163038
1237665428630667673,205.39062683,28.33468375,24.378746,24.240093,22.778704,22.729664,22.938437
1237665428630667674,205.3942458,28.33837166,25.255152,25.506115,25.548124,24.13241,20.519926
1237665428630667686,205.39600257,28.31724136,19.936155,18.927088,18.637154,18.547998,18.603563
1237665428630667687,205.39702575,28.31507013,20.969217,20.104454,19.78998,19.64053,19.720722
1237665428630667690,205.39809333,28.31792646,23.344543,21.374199,20.782751,20.621395,20.463551
1237665428630667815,205.40564097,28.31610676,21.116537,20.161505,19.839539,19.686083,19.638315
1237665428630667841,205.40454896,28.31460348,22.985062,22.560184,21.896986,21.665216,21.867311
1237665428630667845,205.4056489,28.30673926,24.331715,24.565157,22.938641,22.14152,21.927069
1237665428630667846,205.40636296,28.31169812,25.249466,24.505461,23.080332,22.147724,23.321814
1237665428630667849,205.40498196,28.3131673,24.2456,23.893824,23.445007,22.351831,21.870464
1237665428630668516,205.38631939,28.34533358,20.614534,19.703007,19.431301,19.290779,19.444323
1237665428630668581,205.39338073,28.32562317,22.223566,21.462664,20.849121,20.633057,20.612574
1237665428630668618,205.4011141,28.30892528,22.326281,20.970732,20.592615,20.414026,20.348104
1237665428630668623,205.4027219,28.30867446,24.084095,22.5378,22.120914,21.553495,22.771217
1237665428630668626,205.40342271,28.30957814,24.411001,24.699305,23.473604,22.169123,21.875078
1237665428630668628,205.40170693,28.310404,24.336143,25.361349,24.905821,22.393337,22.199005
1237665428630668651,205.40139303,28.3242978,19.694433,18.710361,18.327871,18.156338,18.127096
1237665428630668652,205.39862448,28.32497724,22.543192,21.368834,20.935606,20.615202,20.797159
1237665428630668653,205.40223529,28.32234649,23.642597,21.705929,21.296032,20.962187,20.885208
1237665428630668654,205.39941676,28.32343946,25.035677,22.610573,21.992968,21.626192,21.39764
1237665428630668667,205.40235206,28.30615307,20.480457,19.479374,19.075274,18.906963,18.786449
1237665428630668675,205.40437478,28.30437497,21.738783,20.422352,20.085377,19.987551,20.011482
1237665428630669157,205.39426033,28.34689081,24.107281,21.266346,20.848114,20.763575,20.801764
1237665428630669161,205.39365276,28.34979244,24.357388,22.226307,21.681959,21.394169,21.445299
1237665428630669163,205.39405062,28.34835601,23.854837,22.695511,21.777985,21.408367,21.552729
1237665428630669164,205.39160406,28.35052079,24.174814,22.491362,21.783302,21.666935,21.374752
1237665428630669818,205.38504942,28.37278611,25.456598,22.610052,21.832977,21.509403,22.463594
1237665428630669830,205.3869876,28.37087154,22.628174,21.511778,20.99556,20.682266,21.129126
1237665428630669831,205.38745245,28.3690374,23.060135,21.729473,21.103174,20.810537,20.810318
1237665428630669860,205.38975538,28.34378422,25.240917,23.223516,22.359167,21.882994,21.700794
1237665428630669864,205.39079868,28.34654707,23.066416,21.787001,21.254543,20.891842,21.469389
1237665428630669900,205.39595866,28.32212821,23.127121,22.271986,21.686028,21.371243,21.264805
1237665428630669911,205.39961809,28.31281765,23.381775,22.100674,21.486921,21.127081,20.835979
1237665428630669927,205.40353972,28.3183616,22.640257,21.85561,21.244682,20.966379,20.548386
1237665428630670131,205.39155283,28.34452523,25.126518,23.652006,22.864246,22.219337,22.177891
1237665428630670139,205.40157198,28.31413481,23.655943,23.838734,22.390388,22.215382,21.651579
1237665442056700153,205.42847283,28.4690334,16.898911,15.668496,15.774599,15.854752,15.921554
1237665442056700179,205.411037,28.44720178,19.221771,18.014688,17.572304,17.339615,17.271526
1237665442056700196,205.43617661,28.47943756,19.499973,18.292791,17.877975,17.652925,17.596237
1237665442056700211,205.42354736,28.47223118,19.702417,25.117563,24.801392,24.353977,17.748989
1237665442056700292,205.44893759,28.49505148,25.297375,24.468155,22.252068,21.577997,21.158751
1237665442056700293,205.44842418,28.4936156,24.646353,22.683157,22.285152,21.706224,22.58288
1237665442056700331,205.46407436,28.50085993,19.937178,18.794733,18.480394,18.36149,18.376495
1237665442056700332,205.46174789,28.5003737,20.000309,19.088793,18.880732,18.792023,18.862392
1237665442056700342,205.4595811,28.49575912,21.105686,20.156479,19.887789,19.83713,19.888708
1237665442056700344,205.4698416,28.50451817,21.6793,20.526918,20.146975,20.035467,20.344976
1237665442056700348,205.45689557,28.49662266,23.810907,21.196106,20.91293,20.74531,20.468443
1237665442056700349,205.47121201,28.50503692,24.369604,24.450668,22.995739,21.903585,21.508081
1237665442056700362,205.47021456,28.50166271,24.543707,24.126579,23.353674,22.374878,22.721537
1237665442056700364,205.46292914,28.50262825,23.322956,23.989428,22.587881,22.540899,22.370575
1237665442056700367,205.46436158,28.50371609,24.998159,24.168987,22.896145,22.290707,21.801134
1237665442056700369,205.46112635,28.49810084,17.396009,15.833519,15.214326,14.920545,14.791051
1237665442056700743,205.39058538,28.42338187,20.521559,19.698336,19.486446,19.371294,19.474798
1237665442056700758,205.39187024,28.421203,25.44442,22.645636,22.462635,21.573975,21.437792
1237665442056700762,205.39126903,28.42223436,24.249958,24.353994,23.500582,21.965542,22.300156
1237665442056700916,205.44444891,28.49241578,23.828226,23.328495,22.309978,21.831711,21.706699
1237665442056700923,205.44288112,28.4885915,20.367887,19.38422,19.173866,19.090776,19.05097
1237665442056700924,205.44093811,28.48929738,23.2174,21.67062,21.397669,21.149586,20.934887
1237665442056700950,205.45400158,28.49860232,20.623699,19.61912,19.394979,19.317884,19.379717
1237665442056700951,205.45179659,28.49436478,22.550362,20.973881,20.512724,20.216146,20.001719
1237665442056700952,205.45106737,28.49649218,21.730225,20.784899,20.475304,20.321135,20.118221
1237665442056701023,205.48242644,28.50711341,20.161224,19.201614,18.96253,18.901516,18.895508
1237665442056701024,205.48721713,28.5070518,20.357344,19.46176,19.210762,19.134918,19.128
1237665442056701025,205.48073474,28.50648971,20.990759,20.265951,20.012403,19.885256,19.86183
1237665442056701026,205.48584314,28.50783753,23.676722,22.125919,21.561594,21.334202,22.233829
1237665442056701027,205.48545787,28.50828556,23.963068,22.914999,21.837179,21.490639,21.510735
1237665442056701028,205.47986382,28.50636281,23.803354,22.238346,21.796724,21.591406,21.690634
1237665442056701029,205.48212826,28.50821762,23.870457,23.768909,22.264687,21.821909,21.894756
1237665442056701030,205.4835181,28.50606133,25.354023,23.97673,23.066814,22.265877,21.493986
1237665442056701034,205.48410834,28.51159871,20.673407,19.913446,19.672409,19.551414,19.59502
1237665442056701035,205.48342781,28.51075249,22.987799,21.422651,20.850822,20.625401,20.898134
1237665442056701036,205.48036384,28.51136802,22.366671,22.010014,21.650049,21.452515,21.438074
1237665442056701037,205.48189119,28.51035831,24.418507,23.197905,22.184984,22.218306,21.619228
1237665442056701058,205.49125288,28.51175515,23.206732,22.603783,21.75835,21.505745,21.974886
1237665442056701436,205.47524988,28.50654352,21.253235,20.270376,19.992861,19.895082,19.798761
1237665442056701439,205.47569612,28.50329895,21.976318,21.103823,20.775217,20.674088,21.02261
1237665442056701451,205.48205416,28.50394276,23.429422,21.505663,21.145063,20.896715,20.835129
1237665442056701452,205.47894307,28.50232774,23.956518,22.091728,21.528906,21.389317,21.76619
1237665442056701453,205.48145522,28.50348575,24.518017,22.379314,22.049641,21.522659,22.19763
1237665442056702082,205.4470035,28.49142993,23.82633,21.745382,20.593782,20.021326,19.610077
1237665442056702089,205.450988,28.49096106,22.849409,21.490425,21.167126,20.731268,20.481895
1237665442056702090,205.44951441,28.49027782,23.598854,21.786608,21.449579,21.038988,20.666462
1237665442056702100,205.45460882,28.49326041,24.176991,22.357502,22.081884,21.520489,21.278543
1237665442056702152,205.47177652,28.50750288,24.103201,21.580269,20.996078,21.450302,22.142191
1237665442056702153,205.47299205,28.50674596,25.521223,25.330551,25.075268,22.293137,22.159771
1237665442056702191,205.4868784,28.51080345,22.420876,21.341156,20.814661,20.628716,20.559731
1237665442056702192,205.48682491,28.511533,24.125769,23.291674,21.541115,20.6486,20.323917
1237665442056702193,205.48786929,28.50936594,23.793306,22.667435,22.153202,21.446577,22.42557
1237665442056702211,205.4900981,28.50804708,22.497118,21.577124,21.181822,21.092253,22.168209
1237665442056702343,205.39514873,28.42739293,24.436224,23.057186,22.156567,21.879961,22.021374
1237665442056702398,205.47752891,28.50979401,26.617313,23.502562,22.303453,22.241934,21.688334
1237665442056831103,205.67927759,28.45771561,16.322674,15.118027,15.222804,15.237622,15.299117
1237665442056831132,205.67095434,28.47500328,19.496275,18.424671,18.065313,17.86277,19.485569
1237665442056831144,205.71052969,28.37240905,19.849314,18.905605,18.589462,18.445778,18.428406
1237665442056831275,205.70654195,28.41661678,18.407373,16.870071,16.30427,16.074244,16.011969
1237665442056831277,205.70882025,28.4157259,20.713186,19.734421,19.452845,19.329912,19.417654
1237665442056831278,205.70931091,28.41318077,20.974173,19.977905,19.675209,19.593256,19.662014
1237665442056831279,205.70642275,28.4190353,21.051279,20.096291,19.77907,19.639881,19.853024
1237665442056831283,205.70861166,28.40985483,22.984398,21.081852,20.552872,20.412428,20.053564
1237665442056831287,205.70737325,28.41456244,23.986723,22.637287,21.781845,21.572012,21.37682
1237665442056831289,205.703789,28.41667228,24.617771,22.942324,22.184383,21.762659,21.191938
1237665442056831293,205.70699519,28.41223477,24.896832,23.161079,22.490761,22.016275,22.794832
1237665442056831303,205.70522605,28.39791903,16.952402,15.113522,14.391775,14.533278,13.861527
1237665442056831304,205.70868988,28.39203133,19.776304,18.922562,18.630444,18.566225,18.569654
1237665442056831305,205.7135197,28.38455661,20.605783,19.74737,19.506639,19.418177,19.462324
1237665442056831306,205.71094137,28.38317273,20.685474,19.944145,19.638149,19.540653,19.697681
1237665442056831307,205.70639867,28.39420932,20.838329,19.929707,19.608555,19.5285,19.477383
1237665442056831308,205.70963002,28.38717497,21.216644,20.082277,19.733845,19.67602,19.614063
1237665442056831310,205.70796821,28.39744232,21.265989,20.351843,20.03459,19.935223,19.806881
1237665442056831311,205.7135283,28.38715026,21.846256,20.618626,20.32794,20.193285,20.263882
1237665442056831312,205.71533837,28.38590401,21.835567,20.901619,20.447105,20.353737,20.424448
1237665442056831315,205.70969421,28.38959333,22.794971,21.463602,20.886196,21.179148,21.19623
1237665442056831316,205.71410802,28.39668036,22.560072,21.377518,20.910725,20.907541,20.629751
1237665442056831317,205.71326049,28.39265401,22.911325,21.316481,20.839073,21.677214,20.737696
1237665442056831319,205.70762373,28.39332819,23.649994,23.702988,22.2565,21.501966,21.448839
1237665442056831320,205.71269493,28.3837451,24.400135,22.135313,21.587156,21.191502,21.983585
1237665442056831321,205.70600312,28.39954922,24.537931,22.031338,23.515238,21.334314,21.856972
1237665442056831322,205.71392957,28.38382527,23.985987,22.040287,21.56122,21.326241,21.665449
1237665442056831323,205.70932856,28.39601391,24.671387,22.563534,21.585371,21.551783,21.270113
1237665442056831325,205.71479284,28.38906604,23.307446,22.288979,21.650202,21.661028,21.464153
1237665442056831326,205.71167426,28.38870155,23.029188,22.57193,21.75843,21.615429,20.918999
1237665442056831327,205.71240442,28.39163426,25.450924,25.360468,23.823063,22.244091,21.85092
1237665442056831328,205.71279289,28.39506693,24.36467,22.995861,21.965076,21.960064,21.22117
1237665442056831330,205.71434997,28.38559205,23.14613,23.365747,22.052813,22.156597,20.845881
1237665442056831332,205.70835028,28.39517506,24.722486,23.533886,22.378149,22.112129,21.395235
1237665442056831333,205.71327463,28.39435521,23.06398,24.333206,22.584431,22.22422,22.220285
1237665442056831335,205.70625754,28.39240899,24.812096,24.513874,22.825438,22.821342,21.427797
1237665442056831530,205.66208639,28.47991373,19.601341,18.633469,18.302141,18.134447,18.104025
1237665442056831531,205.66447231,28.48155327,19.861715,18.878071,18.59704,18.452852,18.390465
1237665442056831532,205.66705522,28.4801973,20.428215,19.366545,19.090717,18.933519,19.025602
1237665442056831535,205.66140515,28.48211114,24.278448,22.264425,21.216909,20.757181,21.832762
1237665442056831536,205.6620699,28.48194852,25.034454,23.476715,21.784754,21.164825,20.345222
1237665442056831578,205.67378263,28.47016777,19.081011,18.022923,17.551182,17.333755,17.255426
1237665442056831579,205.6723647,28.47001336,24.505236,21.638041,21.513996,21.098518,20.514122
1237665442056831580,205.67637809,28.46992765,24.366192,21.717743,21.201263,20.937799,20.953465
1237665442056831581,205.67165148,28.47076648,23.544916,22.212837,21.412262,21.318596,21.824696
1237665442056831650,205.68007694,28.46514236,20.775814,19.885008,19.594967,19.509359,19.495384
1237665442056831651,205.68009408,28.46412334,21.158689,20.151636,19.867086,19.70306,19.917805
1237665442056831652,205.67744079,28.46477861,21.558746,20.577538,20.314098,20.221033,20.196175
1237665442056831693,205.69287653,28.44504156,20.402821,19.538574,19.323587,19.229593,19.243227
1237665442056831694,205.69159945,28.44441803,21.036011,20.019005,19.67671,19.59589,19.550882
1237665442056831695,205.69086427,28.44557793,21.477781,20.700745,20.322048,20.170412,20.271162
1237665442056831696,205.69136536,28.44301685,23.58128,22.689108,21.843851,21.785509,22.208372
1237665442056831697,205.68874382,28.44445071,24.515507,22.530598,21.811129,21.60887,21.070105
1237665442056831698,205.69048506,28.44421665,25.695219,23.560883,22.386654,21.913286,21.971457
1237665442056831702,205.69573799,28.44082404,19.472315,18.529545,18.268665,18.164902,18.166351
1237665442056831704,205.69434034,28.43969356,20.876335,19.969059,19.706015,19.610823,19.647453
1237665442056831706,205.69731866,28.43912963,22.489939,20.689507,20.357973,20.246099,20.112373
1237665442056831710,205.69220385,28.4409943,23.165117,21.579439,21.146904,21.034002,21.52511
1237665442056831712,205.69142697,28.44098535,23.178282,22.176416,21.459787,21.305605,21.617672
1237665442056831714,205.69105235,28.43955065,23.497549,22.189705,21.575006,21.348576,21.123304
1237665442056831715,205.69299087,28.43875228,25.01697,23.540314,22.182165,22.068022,22.644403
1237665442056831731,205.69663569,28.42893853,23.577923,21.989592,21.334721,21.199301,21.208496
1237665442056831735,205.69769345,28.43041723,24.458302,24.474537,22.652094,22.20965,21.806252
1237665442056831737,205.70139171,28.4347877,21.085651,19.953882,19.707859,19.587564,19.599937
1237665442056831739,205.70034518,28.43722387,23.672853,22.18622,21.550095,21.30637,22.322794
1237665442056831740,205.69734558,28.43538201,23.706722,24.350189,23.158827,22.017382,21.699207
1237665442056831741,205.70037835,28.43652031,24.496405,23.326096,22.108168,21.884752,21.882946
1237665442056831743,205.69651157,28.43558848,25.006369,24.263489,22.635071,22.491423,22.476385
1237665442056831744,205.69821839,28.43595783,20.863708,19.80406,19.511189,19.453371,19.405279
1237665442056831765,205.70548145,28.42647976,19.704817,18.717365,18.36784,18.215319,18.130514
1237665442056831766,205.70433066,28.42539278,20.890741,20.050827,19.75309,19.650448,19.691149
1237665442056831773,205.70047842,28.43160799,23.798954,20.855398,19.738701,18.691355,18.174545
1237665442056831780,205.70323957,28.43125903,21.407219,20.357759,19.967068,19.845705,19.825071
1237665442056831783,205.70224526,28.43222627,21.618225,20.725075,20.354605,20.305578,20.635292
1237665442056831821,205.7058461,28.40749886,19.830582,18.894693,18.626619,18.550035,18.668924
1237665442056831822,205.70434933,28.4064007,21.466217,20.360838,20.023239,19.939869,20.263639
1237665442056831823,205.70737094,28.40768088,21.835268,20.863255,20.465675,20.33292,20.540474
1237665442056831824,205.70413703,28.40571159,22.979805,21.107288,20.659708,20.676378,20.469837
1237665442056831825,205.70387503,28.40806854,25.558126,24.626402,23.976435,24.046434,21.761833
1237665442056831827,205.70527105,28.40308793,20.372801,19.52194,19.227236,19.146709,19.106028
1237665442056831916,205.71177701,28.39919252,21.431967,20.854254,20.377115,20.333801,20.847742
1237665442056831921,205.71125001,28.39741622,23.793865,22.852873,21.914637,22.545963,22.475168
1237665442056831922,205.71280002,28.40245121,23.942469,22.252247,22.100063,21.818634,21.72448
1237665442056832499,205.6853828,28.4584789,21.131157,20.273865,19.919855,19.773159,19.739351
1237665442056832523,205.69510176,28.43298306,20.933247,20.047976,19.749203,19.576923,19.763714
1237665442056832524,205.69736431,28.43277523,24.864447,22.753004,22.239254,21.489592,21.606262
1237665442056832532,205.69965389,28.42889741,21.916597,20.718557,20.283136,20.075739,20.50214
1237665442056832533,205.70212418,28.42787409,24.775127,22.748629,21.974945,21.845747,23.458637
1237665442056832534,205.70119189,28.42755171,25.278418,23.901649,21.843193,21.678198,21.543695
1237665442056832568,205.70721592,28.38853847,21.769575,21.184847,20.790892,20.549356,20.722532
1237665442056832597,205.71340479,28.37415049,21.889936,20.92223,20.421381,20.291254,20.264084
1237665442056832612,205.71538433,28.37806526,21.546587,20.772867,20.36931,20.256207,20.237089
1237665442056832845,205.67429094,28.46632432,25.563715,22.700764,21.81889,21.69973,22.034479
1237665442056832846,205.67458488,28.46452839,25.159359,23.883556,22.438,22.025532,22.180168
1237665442056832922,205.69127971,28.44902337,22.341097,21.549648,21.108469,20.866489,20.774355
1237665442056832923,205.6934164,28.44890628,23.881939,22.82457,22.028868,21.669624,21.702868
1237665442056832924,205.69002139,28.44960922,24.000084,23.422752,22.593218,22.102747,22.038694
1237665442056832925,205.69297311,28.44999356,24.826216,24.867437,22.789364,23.126677,21.47245
1237665442056832985,205.70114673,28.42470907,23.523264,22.514048,21.659353,21.394173,22.162853
1237665442056832992,205.70300134,28.42290481,22.932383,22.005875,21.261707,20.970797,21.553005
1237665442056833011,205.70284706,28.41418506,22.579962,21.79109,21.205191,20.963438,20.795378
1237665442056833012,205.70359114,28.41265098,24.390306,22.538828,21.531898,21.336683,21.195368
1237665442056833013,205.70463266,28.4111463,24.258055,22.298771,21.67194,21.51087,21.996784
1237665442056833049,205.71195896,28.4059436,25.686398,22.901901,22.334057,22.220127,20.971178
1237665442056833055,205.71027512,28.37927116,22.842726,21.727528,21.110466,20.964128,20.899542
1237665442056833056,205.70782326,28.37909039,23.411955,22.866163,21.844009,21.44552,21.786066
1237665442056833057,205.70951904,28.37894373,24.364738,23.375771,21.988583,21.668617,21.540995
1237665442056833686,205.67563621,28.46205106,25.156199,23.858334,23.362352,21.948862,21.940121
1237665428630667459,205.38219058,28.40301575,18.373156,16.482031,15.515558,15.066999,14.792337
1237665428630667463,205.38058458,28.3762368,18.062483,16.703291,16.10631,15.870344,15.747211
1237665428630667495,205.38252553,28.353931,19.903971,18.942852,18.648361,18.56398,18.660164
1237665428630667502,205.38463629,28.41142342,20.006208,19.013439,18.708311,18.605091,18.611521
1237665428630667685,205.39393168,28.31534895,17.107044,15.942661,15.705124,15.623788,15.621764
1237665428630667691,205.39212087,28.31839773,23.63352,21.409082,20.830175,20.693987,20.604954
1237665428630668517,205.38249223,28.34357589,20.818945,19.941814,19.606594,19.522854,19.435291
1237665428630668519,205.38573188,28.34266984,24.966784,22.468924,21.737404,21.400417,22.344448
1237665428630668520,205.38492324,28.34383622,25.665113,22.489773,21.919594,21.508171,22.135166
1237665428630668521,205.38521157,28.34169111,24.042122,24.490406,23.042618,22.012966,21.9252
1237665428630668580,205.39177415,28.32369775,20.993397,19.969513,19.681728,19.532003,19.53764
1237665428630668621,205.3979215,28.31074588,23.115448,21.499338,21.002377,20.726074,20.644226
1237665428630668624,205.39720206,28.30857398,23.160954,22.433578,21.970697,21.816467,21.382383
1237665428630668629,205.39674951,28.30961218,24.068121,23.770683,22.521437,22.397135,22.202148
1237665428630668673,205.40078372,28.30457267,21.227657,20.401573,20.035603,19.862129,20.073931
1237665428630668680,205.40206928,28.30297527,23.196554,22.376997,21.616804,21.48411,21.819742
1237665428630668689,205.40328929,28.30017784,22.791426,22.002296,21.555521,21.291851,23.157511
1237665428630669138,205.38605691,28.3352,21.880726,20.97711,20.527752,20.365856,20.291306
1237665428630669139,205.38527871,28.33426543,22.318876,21.017387,20.628639,20.386221,21.019981
1237665428630669140,205.38616682,28.33707275,22.293648,21.70262,21.38056,21.39642,20.81234
1237665428630669141,205.38543131,28.33613402,23.722427,22.247425,21.652357,21.552488,21.9886
1237665428630669168,205.39224985,28.32101191,21.825928,20.766167,20.426641,20.258852,20.344233
1237665428630669169,205.39141364,28.32061824,24.392,22.318487,21.617664,21.430708,21.756609
1237665428630669170,205.39345971,28.32094653,25.96373,24.050104,22.596483,22.051897,22.541843
1237665428630669852,205.38568485,28.33976965,26.073296,22.426804,21.826311,21.414801,21.275892
1237665428630669853,205.38400686,28.33944454,24.80093,24.333572,23.018314,21.972065,21.719414
1237665442056700290,205.44676097,28.49689418,16.52223,14.599072,13.973869,13.704854,13.323197
1237665442056700339,205.46300337,28.50529374,20.68078,19.703384,19.568733,19.48126,19.522289
1237665442056700343,205.46608691,28.50759644,21.444633,20.474056,20.142906,19.963617,20.094582
1237665442056700359,205.46398862,28.50690081,24.767351,23.266623,22.324621,21.855658,23.576509
1237665442056700746,205.38862763,28.42411866,21.033709,20.170214,19.953018,19.828201,19.917961
1237665442056700751,205.3871534,28.42384601,23.082991,21.256704,20.63023,20.477438,21.211527
1237665442056700915,205.44228021,28.49442365,20.865017,19.882511,19.674944,19.478256,19.424278
1237665442056701012,205.47667275,28.5129008,20.607491,19.908138,19.612923,19.563425,19.690369
1237665442056701014,205.47549879,28.51159416,21.934483,21.259382,20.776327,20.556166,20.596815
1237665442056701043,205.4890042,28.51523982,20.043047,19.04414,18.817526,18.708433,18.805534
1237665442056701050,205.4876902,28.51610947,21.608086,20.622696,20.29081,20.096901,20.206877
1237665442056701052,205.49264616,28.51691566,21.964956,21.022623,20.539774,20.40423,20.681532
1237665442056701061,205.49008227,28.51654997,24.748068,22.966759,22.835253,22.095045,22.047733
1237665442056701414,205.4553409,28.5009524,21.14105,20.175297,19.961096,19.836884,19.841127
1237665442056701953,205.39066176,28.42966978,22.882391,21.950743,21.285229,20.955822,21.075846
1237665442056702336,205.39536588,28.43772939,24.011566,23.477753,22.485451,22.258638,21.48761
1237665442056831110,205.6805386,28.4710751,16.765955,15.53546,15.657208,15.684844,15.763112
1237665442056831276,205.71194082,28.41328365,20.540928,19.534044,19.307102,19.211557,19.301008
1237665442056831280,205.71404402,28.41217138,21.002926,20.132675,19.803461,19.705214,19.728462
1237665442056831284,205.71337734,28.40893758,21.758343,20.871014,20.401321,20.378292,21.150814
1237665442056831288,205.71209103,28.41715343,23.696404,22.856462,21.844067,21.750786,22.439816
1237665442056831313,205.71692859,28.3845821,22.634783,21.287563,20.70306,20.518251,20.437994
1237665442056831533,205.67024583,28.48058506,20.406879,19.438778,19.196356,19.07312,19.040287
1237665442056831534,205.67095131,28.47891812,20.983772,20.217344,19.891071,19.768353,19.69228
1237665442056831717,205.69752903,28.44615303,23.499058,24.158123,22.579517,22.230089,22.647011
1237665442056831738,205.70038699,28.43891693,22.76005,21.183624,20.815382,20.534056,20.319157
1237665442056831742,205.70189274,28.43794759,24.249041,23.406841,22.208811,22.229883,22.890484
1237665442056831772,205.70660876,28.43225658,20.011429,19.097324,18.894941,18.765785,18.736124
1237665442056831797,205.70610548,28.4343672,23.192266,23.071228,22.622557,22.302105,21.735046
1237665442056831915,205.71540656,28.39983116,20.872458,20.307039,20.065083,19.989431,19.912413
1237665442056831917,205.7144147,28.39953074,21.960014,20.851448,20.465469,20.34322,20.246037
1237665442056831919,205.71531876,28.3991335,24.782446,21.510889,20.896004,20.659315,20.625849
1237665442056831920,205.71542297,28.40219958,23.947052,24.020943,22.15889,21.937294,22.341948
1237665442056831924,205.71680537,28.39899891,25.015818,23.509733,22.65135,22.713749,21.902246
1237665442056831976,205.71813845,28.36964428,21.088717,19.888321,19.578003,19.459206,19.551046
1237665442056831979,205.71845186,28.3711624,22.028046,21.099287,20.70516,20.503475,22.006783
1237665442056832520,205.69757165,28.4481583,21.803099,20.680538,20.310385,20.212276,20.274939
1237665442056832557,205.7095184,28.42411874,25.688892,21.962915,21.359482,20.998014,21.216669
1237665442056832564,205.71144695,28.42015,25.354668,22.577389,21.841778,21.552464,22.624033
1237665442056832599,205.71728202,28.39205666,21.391279,20.382124,20.065542,19.907972,19.925121
1237665442056832600,205.71767636,28.39360468,23.393429,21.58083,21.060171,20.927265,20.900118
1237665442056832602,205.71595793,28.3914213,24.094007,22.286894,21.526506,21.390224,22.164318
1237665442056832906,205.68778793,28.46067227,23.709461,23.733646,22.063196,22.160084,21.984274
1237665442056832907,205.68974421,28.45952096,23.88505,24.556276,23.687483,22.140728,23.141714
1237665442056833101,205.71836615,28.37583408,22.748735,21.500154,20.958136,20.822594,20.629208
1237665442056833514,205.69345998,28.45164315,25.539,23.516935,22.264423,21.858612,21.116905
1237665442056833693,205.69625469,28.45023979,25.61698,24.050753,22.869762,22.046474,21.954039
